utterance,loglikelihood
words-BABEL-BP-101-76733-20111128-131042-C6-scripted,-35.22233333333333
words-BABEL-BP-101-96283-20111115-151454-S2-scripted,-35.81687142857143
words-BABEL-BP-101-74404-20111020-182723-S0-scripted,-42.52271428571429
words-BABEL-BP-101-89818-20111019-175302-C5-scripted,-35.98491176470588
words-BABEL-BP-101-21929-20111025-180344-S5-scripted,-35.035088
words-BABEL-BP-101-16266-20111027-144051-C6-scripted,-36.929337209302325
words-BABEL-BP-101-25035-20111028-131901-S5-scripted,-42.96128888888889
words-BABEL-BP-101-49541-20111104-190754-S2-scripted,-42.09173333333334
words-BABEL-BP-101-40439-20111203-180801-S8-scripted,-38.39072881355932
words-BABEL-BP-101-37110-20111019-201514-C3-scripted,-35.86935294117647
words-BABEL-BP-101-28740-20111028-212855-S8-scripted,-48.995309523809524
words-BABEL-BP-101-51052-20111121-172943-D1-scripted,-32.58417213114754
words-BABEL-BP-101-64889-20111124-214431-D1-scripted,-38.04004411764706
words-BABEL-BP-101-44836-20111119-151943-O1-scripted,-47.59375
words-BABEL-BP-101-76919-20111120-200051-S4-scripted,-38.03021505376344
words-BABEL-BP-101-51052-20111121-173546-S3-scripted,-34.72125892857143
words-BABEL-BP-101-79412-20111026-004215-O7-scripted,-34.113150000000005
words-BABEL-BP-101-77244-20111127-004225-I2-scripted,-23.149124999999998
words-BABEL-BP-101-15460-20111120-190712-D2-scripted,-40.03788095238095
words-BABEL-BP-101-24420-20111122-213342-C4-scripted,-30.546444444444447
words-BABEL-BP-101-11479-20111021-201417-L1-scripted,-42.87407339449542
words-BABEL-BP-101-60826-20111120-163111-N1-scripted,-38.77632142857143
words-BABEL-BP-101-20685-20111019-122011-I2-scripted,-29.025215789473684
words-BABEL-BP-101-36383-20111129-173237-S1-scripted,-35.38319841269841
words-BABEL-BP-101-39080-20111124-175842-SA-scripted,-47.73529365079365
words-BABEL-BP-101-72718-20111129-162724-C3-scripted,-44.56161111111111
words-BABEL-BP-101-29097-20111018-132116-O2-scripted,-29.843830303030302
words-BABEL-BP-101-36424-20111119-142548-I2-scripted,-31.010634615384618
words-BABEL-BP-101-17572-20111116-153800-S0-scripted,-40.452393939393936
words-BABEL-BP-101-23571-20111128-230001-S1-scripted,-40.30288888888889
words-BABEL-BP-101-68295-20111124-173737-C4-scripted,-31.058109375
words-BABEL-BP-101-93091-20111022-180703-S2-scripted,-37.071746987951805
words-BABEL-BP-101-48053-20111020-124545-S9-scripted,-54.42603225806452
words-BABEL-BP-101-31393-20111018-152131-S2-scripted,-46.19774468085106
words-BABEL-BP-101-29097-20111018-132707-S6-scripted,-40.85375714285714
words-BABEL-BP-101-50409-20111204-155134-D3-scripted,-30.766877192982456
words-BABEL-BP-101-58137-20111121-193410-C4-scripted,-29.9339
words-BABEL-BP-101-76341-20111027-123623-O3-scripted,-28.894093023255813
words-BABEL-BP-101-12897-20111115-163213-SB-scripted,-37.95332098765432
words-BABEL-BP-101-93643-20111021-152224-S1-scripted,-39.74291588785047
words-BABEL-BP-101-14054-20111119-160840-S4-scripted,-41.2915306122449
words-BABEL-BP-101-83791-20111017-203425-O7-scripted,-29.165472222222224
words-BABEL-BP-101-77348-20111018-165420-D2-scripted,-45.64137288135593
words-BABEL-BP-101-88464-20111119-191819-O3-scripted,-28.69446551724138
words-BABEL-BP-101-59032-20111130-123427-SA-scripted,-34.80930232558139
words-BABEL-BP-101-54315-20111018-144840-S9-scripted,-42.45122826086956
words-BABEL-BP-101-88243-20111024-184743-O4-scripted,-28.717432432432435
words-BABEL-BP-101-21584-20111030-204431-S3-scripted,-44.89555789473685
words-BABEL-BP-101-83362-20111018-184342-S8-scripted,-41.427048387096775
words-BABEL-BP-101-95589-20111118-210420-T2-scripted,-32.06764516129032
words-BABEL-BP-101-51374-20111020-142252-N1-scripted,-46.94634523809524
words-BABEL-BP-101-27178-20111025-171604-S7-scripted,-46.26183908045977
words-BABEL-BP-101-92628-20111102-124932-S7-scripted,-34.207476190476186
words-BABEL-BP-101-31393-20111018-151617-O1-scripted,-26.405156666666667
words-BABEL-BP-101-50589-20111025-184555-T3-scripted,-36.48712987012987
words-BABEL-BP-101-61822-20111022-194415-C5-scripted,-35.16382954545455
words-BABEL-BP-101-53824-20111115-171618-O5-scripted,-30.414686567164182
words-BABEL-BP-101-37110-20111019-201156-C4-scripted,-35.729838709677416
words-BABEL-BP-101-44403-20111023-145308-T3-scripted,-37.03328378378379
words-BABEL-BP-101-13229-20111127-134307-S7-scripted,-37.91603529411765
words-BABEL-BP-101-58190-20111124-201246-O6-scripted,-38.670500000000004
words-BABEL-BP-101-12003-20111116-125913-C5-scripted,-31.27561111111111
words-BABEL-BP-101-40123-20111129-175531-S7-scripted,-41.060785714285714
words-BABEL-BP-101-84335-20111116-201818-C5-scripted,-35.07035714285714
words-BABEL-BP-101-59032-20111130-123148-O3-scripted,-24.613777777777777
words-BABEL-BP-101-26350-20111019-200231-M1-scripted,-48.18380952380952
words-BABEL-BP-101-65606-20111116-134314-O5-scripted,-27.923066666666667
words-BABEL-BP-101-16617-20111030-141001-T1-scripted,-36.40395238095238
words-BABEL-BP-101-68295-20111124-174353-S3-scripted,-39.85572448979592
words-BABEL-BP-101-28260-20111021-175950-S7-scripted,-46.84893
words-BABEL-BP-101-13272-20111027-191152-L3-scripted,-36.74685365853659
words-BABEL-BP-101-33671-20111019-123838-C6-scripted,-57.63601587301587
words-BABEL-BP-101-27619-20111102-195122-C2-scripted,-34.94689719626169
words-BABEL-BP-101-61119-20111125-203723-S1-scripted,-36.26033695652174
words-BABEL-BP-101-60110-20111102-210148-S4-scripted,-45.22432352941176
words-BABEL-BP-101-64205-20111203-123948-O3-scripted,-29.831
words-BABEL-BP-101-82217-20111115-185746-L2-scripted,-34.856640625
words-BABEL-BP-101-68129-20111120-131459-S1-scripted,-35.05277777777778
words-BABEL-BP-101-91873-20111129-205734-O5-scripted,-30.19635593220339
words-BABEL-BP-101-12003-20111116-130140-O4-scripted,-28.303695652173914
words-BABEL-BP-101-16266-20111027-144530-O4-scripted,-24.49438888888889
words-BABEL-BP-101-93454-20111027-011731-SC-scripted,-52.85984920634921
words-BABEL-BP-101-47794-20111204-014722-O5-scripted,-35.11356
words-BABEL-BP-101-30168-20111118-125631-C2-scripted,-36.574633027522935
words-BABEL-BP-101-10033-20111024-203434-C6-scripted,-32.49
words-BABEL-BP-101-97405-20111019-145016-S6-scripted,-42.13935227272727
words-BABEL-BP-101-33671-20111019-124106-M1-scripted,-53.79547619047619
words-BABEL-BP-101-87481-20111129-125316-SB-scripted,-41.62762
words-BABEL-BP-101-43383-20111019-133758-O4-scripted,-31.23486
words-BABEL-BP-101-62177-20111019-140933-I2-scripted,-39.21134782608696
words-BABEL-BP-101-80953-20111122-193844-O1-scripted,-32.00150684931507
words-BABEL-BP-101-12897-20111115-163242-O5-scripted,-31.347571428571428
words-BABEL-BP-101-45642-20111027-165545-S8-scripted,-36.768087912087914
words-BABEL-BP-101-74404-20111020-182332-L1-scripted,-49.85110891089109
words-BABEL-BP-101-80953-20111122-194427-SA-scripted,-42.29236507936508
words-BABEL-BP-101-50842-20111030-164119-S7-scripted,-33.08680487804878
words-BABEL-BP-101-35016-20111203-201522-A1-scripted,-22.50481132075472
words-BABEL-BP-101-23571-20111128-225757-C1-scripted,-27.209253968253968
words-BABEL-BP-101-89619-20111029-201942-S2-scripted,-36.55211594202898
words-BABEL-BP-101-78094-20111026-125355-S1-scripted,-44.41646464646464
words-BABEL-BP-101-15460-20111120-190849-S6-scripted,-42.69338888888889
words-BABEL-BP-101-59032-20111130-123416-L3-scripted,-31.168882978723403
words-BABEL-BP-101-28132-20111023-123921-M1-scripted,-48.40048192771084
words-BABEL-BP-101-32452-20111022-133353-D2-scripted,-41.86830952380952
words-BABEL-BP-101-48733-20111117-134632-C4-scripted,-31.90882142857143
words-BABEL-BP-101-58863-20111029-201408-O2-scripted,-28.5655306122449
words-BABEL-BP-101-11479-20111021-201821-S2-scripted,-47.31795614035088
words-BABEL-BP-101-37094-20111019-180313-C6-scripted,-42.72021951219512
words-BABEL-BP-101-84042-20111129-183244-O6-scripted,-27.324933333333334
words-BABEL-BP-101-49541-20111104-190456-C4-scripted,-35.965125
words-BABEL-BP-101-98099-20111120-124407-S6-scripted,-34.47206666666666
words-BABEL-BP-101-17080-20111020-182030-S2-scripted,-46.7146
words-BABEL-BP-101-56117-20111120-221934-D1-scripted,-38.194707692307695
words-BABEL-BP-101-87481-20111129-125448-L3-scripted,-34.98690476190476
words-BABEL-BP-101-48559-20111118-123953-S8-scripted,-42.35085714285714
words-BABEL-BP-101-90490-20111017-182631-S1-scripted,-43.72365
words-BABEL-BP-101-26017-20111030-195828-O2-scripted,-25.623285714285714
words-BABEL-BP-101-53985-20111027-131557-C4-scripted,-29.029827586206896
words-BABEL-BP-101-77802-20111125-184844-D2-scripted,-38.320506329113925
words-BABEL-BP-101-55944-20111124-174439-S0-scripted,-40.09984158415841
words-BABEL-BP-101-77348-20111018-164933-D1-scripted,-42.95062790697674
words-BABEL-BP-101-48188-20111117-203403-I2-scripted,-22.147934782608694
words-BABEL-BP-101-90730-20111024-185532-S2-scripted,-44.236825396825395
words-BABEL-BP-101-21929-20111025-180259-SB-scripted,-44.320104
words-BABEL-BP-101-68767-20111029-171311-SC-scripted,-37.02054166666667
words-BABEL-BP-101-14054-20111119-161120-T3-scripted,-33.98754430379747
words-BABEL-BP-101-50101-20111019-174039-SB-scripted,-42.50960273972603
words-BABEL-BP-101-83791-20111017-202959-C2-scripted,-40.363831683168314
words-BABEL-BP-101-83362-20111018-184001-S1-scripted,-44.492399999999996
words-BABEL-BP-101-88929-20111118-195710-C2-scripted,-36.97794444444444
words-BABEL-BP-101-38108-20111125-150641-O7-scripted,-28.02405084745763
words-BABEL-BP-101-25236-20111129-192059-SC-scripted,-31.907831683168315
words-BABEL-BP-101-29444-20111024-200148-C1-scripted,-31.737196969696974
words-BABEL-BP-101-84088-20111020-182551-L3-scripted,-39.06725
words-BABEL-BP-101-57457-20111104-002537-S1-scripted,-50.17924603174603
words-BABEL-BP-101-12003-20111116-125515-O1-scripted,-37.06245238095238
words-BABEL-BP-101-25236-20111129-191803-I2-scripted,-21.48085106382979
words-BABEL-BP-101-61446-20111019-150006-O5-scripted,-36.5640350877193
words-BABEL-BP-101-81486-20111027-153519-O2-scripted,-34.7725625
words-BABEL-BP-101-75020-20111020-151217-M1-scripted,-43.956892857142854
words-BABEL-BP-101-92735-20111024-165104-S7-scripted,-46.03610169491525
words-BABEL-BP-101-63459-20111120-162230-SC-scripted,-38.99685365853659
words-BABEL-BP-101-91668-20111127-130535-C6-scripted,-37.22644827586207
words-BABEL-BP-101-98279-20111122-191141-S6-scripted,-39.86806382978723
words-BABEL-BP-101-12897-20111115-163357-O4-scripted,-24.967020833333333
words-BABEL-BP-101-27178-20111025-171722-L2-scripted,-36.687421875
words-BABEL-BP-101-91007-20111203-153811-C6-scripted,-32.24487640449438
words-BABEL-BP-101-44209-20111120-124951-S6-scripted,-40.22791452991453
words-BABEL-BP-101-65606-20111116-134228-L2-scripted,-29.392973333333334
words-BABEL-BP-101-93091-20111022-180501-S1-scripted,-37.19063265306122
words-BABEL-BP-101-42788-20111120-194248-S1-scripted,-41.357618421052635
words-BABEL-BP-101-93454-20111027-011652-L3-scripted,-50.330357142857146
words-BABEL-BP-101-68129-20111120-131450-O6-scripted,-25.537134615384616
words-BABEL-BP-101-98219-20111125-153636-C1-scripted,-27.406036363636364
words-BABEL-BP-101-96216-20111021-125342-M1-scripted,-32.671479999999995
words-BABEL-BP-101-29302-20111023-165357-S6-scripted,-38.324445652173914
words-BABEL-BP-101-75020-20111020-151114-L1-scripted,-49.066530303030305
words-BABEL-BP-101-41513-20111121-140047-S6-scripted,-35.687333333333335
words-BABEL-BP-101-15460-20111120-190535-S5-scripted,-97.15960317460318
words-BABEL-BP-101-93643-20111021-152451-S0-scripted,-34.527464646464644
words-BABEL-BP-101-20518-20111119-172702-O5-scripted,-38.38130645161291
words-BABEL-BP-101-66903-20111021-124014-L3-scripted,-38.04001030927835
words-BABEL-BP-101-90890-20111018-141009-D2-scripted,-36.426297619047624
words-BABEL-BP-101-58923-20111021-131253-N1-scripted,-33.23772368421053
words-BABEL-BP-101-88464-20111119-192018-D3-scripted,-30.82581632653061
words-BABEL-BP-101-95034-20111126-192036-S5-scripted,-35.30672222222222
words-BABEL-BP-101-36424-20111119-142519-L1-scripted,-34.37468085106383
words-BABEL-BP-101-39317-20111020-155800-L1-scripted,-50.58203821656051
words-BABEL-BP-101-75815-20111029-170428-D1-scripted,-34.63839705882353
words-BABEL-BP-101-46243-20111020-201500-S0-scripted,-43.39472727272727
words-BABEL-BP-101-90577-20111014-142446-M1-scripted,-49.78732142857143
words-BABEL-BP-101-75243-20111204-175639-C2-scripted,-39.44504237288136
words-BABEL-BP-101-17933-20111120-202344-O1-scripted,-25.69342
words-BABEL-BP-101-25576-20111021-203131-I2-scripted,-23.591965853658536
words-BABEL-BP-101-91409-20111023-173209-S7-scripted,-42.19005607476636
words-BABEL-BP-101-43383-20111019-133334-C6-scripted,-42.06515384615385
words-BABEL-BP-101-20685-20111019-122437-S6-scripted,-49.29624324324325
words-BABEL-BP-101-37110-20111019-201601-N1-scripted,-38.47270491803279
words-BABEL-BP-101-31393-20111018-152008-D3-scripted,-32.839176470588235
words-BABEL-BP-101-11422-20111019-143134-SB-scripted,-53.11025274725275
words-BABEL-BP-101-89573-20111025-194550-D3-scripted,-36.75611392405064
words-BABEL-BP-101-65743-20111019-155054-C4-scripted,-33.65335294117647
words-BABEL-BP-101-42266-20111031-230142-C3-scripted,-55.453357142857136
words-BABEL-BP-101-16660-20111020-202919-SB-scripted,-45.907253012048194
words-BABEL-BP-101-10925-20111025-145757-C6-scripted,-36.23978787878788
words-BABEL-BP-101-53464-20111020-124904-T3-scripted,-36.69307142857143
words-BABEL-BP-101-29959-20111116-194852-L1-scripted,-37.5049156626506
words-BABEL-BP-101-70680-20111018-144753-S8-scripted,-44.58038095238095
words-BABEL-BP-101-28161-20111024-172626-S7-scripted,-39.220288135593215
words-BABEL-BP-101-23167-20111026-192458-L3-scripted,-36.99832941176471
words-BABEL-BP-101-45511-20111025-195823-SB-scripted,-48.326576
words-BABEL-BP-101-20740-20111125-194133-T3-scripted,-33.3335606060606
words-BABEL-BP-101-29097-20111018-132716-T3-scripted,-32.667434782608694
words-BABEL-BP-101-17018-20111020-155646-S1-scripted,-48.593779999999995
words-BABEL-BP-101-27619-20111102-195659-S8-scripted,-41.967238095238095
words-BABEL-BP-101-84943-20111020-140423-S7-scripted,-43.66567816091954
words-BABEL-BP-101-13272-20111027-190740-C6-scripted,-33.209942857142856
words-BABEL-BP-101-25236-20111129-191947-C5-scripted,-33.74436363636364
words-BABEL-BP-101-76733-20111128-131714-N1-scripted,-33.97665476190476
words-BABEL-BP-101-74317-20111115-152041-O1-scripted,-23.694370370370372
words-BABEL-BP-101-91873-20111129-210104-S6-scripted,-38.740115789473684
words-BABEL-BP-101-83791-20111017-202839-T1-scripted,-36.58279452054794
words-BABEL-BP-101-96438-20111125-193534-S3-scripted,-34.57115454545455
words-BABEL-BP-101-15142-20111029-162116-S3-scripted,-45.63140963855422
words-BABEL-BP-101-32890-20111130-214432-D1-scripted,-28.102295081967213
words-BABEL-BP-101-45738-20111129-140553-C5-scripted,-35.11623880597015
words-BABEL-BP-101-45702-20111130-124517-O1-scripted,-22.260122448979594
words-BABEL-BP-101-86419-20111019-205310-L1-scripted,-51.28895652173913
words-BABEL-BP-101-95650-20111019-142411-C3-scripted,-41.19601265822785
words-BABEL-BP-101-35576-20111118-124145-T2-scripted,-37.55316666666667
words-BABEL-BP-101-89573-20111025-194501-O6-scripted,-31.276842105263157
words-BABEL-BP-101-27178-20111025-171957-SC-scripted,-46.71437234042553
words-BABEL-BP-101-33023-20111024-130348-O4-scripted,-25.7515306122449
words-BABEL-BP-101-77244-20111127-004902-I1-scripted,-20.614433333333334
words-BABEL-BP-101-71778-20111121-144913-O2-scripted,-31.116349206349206
words-BABEL-BP-101-98099-20111120-124022-SB-scripted,-39.645405405405405
words-BABEL-BP-101-96283-20111115-150805-S7-scripted,-38.015307692307694
words-BABEL-BP-101-91406-20111114-215358-S9-scripted,-40.5827520661157
words-BABEL-BP-101-20740-20111125-193548-C4-scripted,-29.994754098360655
words-BABEL-BP-101-28132-20111023-123858-S9-scripted,-48.389500000000005
words-BABEL-BP-101-46243-20111020-201611-S8-scripted,-45.08413333333333
words-BABEL-BP-101-41513-20111121-140002-A1-scripted,-25.225391666666667
words-BABEL-BP-101-48053-20111020-124532-C4-scripted,-44.606027777777776
words-BABEL-BP-101-83362-20111018-184050-S4-scripted,-42.41740789473684
words-BABEL-BP-101-82217-20111115-190326-A1-scripted,-28.341348837209306
words-BABEL-BP-101-29959-20111116-195305-O7-scripted,-26.648653846153845
words-BABEL-BP-101-38698-20111025-182234-S8-scripted,-36.31049206349206
words-BABEL-BP-101-90313-20111019-152903-C6-scripted,-40.34373684210526
words-BABEL-BP-101-73761-20111115-124001-S0-scripted,-43.16560504201681
words-BABEL-BP-101-89674-20111025-183758-D2-scripted,-40.3823
words-BABEL-BP-101-42766-20111124-143523-T2-scripted,-32.26540579710145
words-BABEL-BP-101-38698-20111025-181931-D3-scripted,-23.650596153846152
words-BABEL-BP-101-74884-20111030-141232-S0-scripted,-44.17589682539682
words-BABEL-BP-101-44403-20111023-144841-L2-scripted,-37.9793448275862
words-BABEL-BP-101-56070-20111030-183721-S1-scripted,-39.59298734177215
words-BABEL-BP-101-30168-20111118-125425-D1-scripted,-33.1471
words-BABEL-BP-101-48410-20111021-220823-C3-scripted,-40.098941747572816
words-BABEL-BP-101-79495-20111017-194647-D3-scripted,-31.058914285714284
words-BABEL-BP-101-39915-20111101-160619-T2-scripted,-33.12938157894737
words-BABEL-BP-101-61073-20111102-183454-S0-scripted,-38.88429
words-BABEL-BP-101-39997-20111124-145852-T1-scripted,-30.952536231884057
words-BABEL-BP-101-52366-20111018-133123-I2-scripted,-26.57104814814815
words-BABEL-BP-101-10066-20111120-162531-S5-scripted,-40.73209090909091
words-BABEL-BP-101-78094-20111026-125734-S8-scripted,-47.17705128205128
words-BABEL-BP-101-68295-20111124-174239-SC-scripted,-46.38184920634921
words-BABEL-BP-101-56648-20111126-180925-I2-scripted,-40.71561224489796
words-BABEL-BP-101-61762-20111028-174839-C5-scripted,-34.30224358974359
words-BABEL-BP-101-21584-20111030-204506-I1-scripted,-22.594022222222222
words-BABEL-BP-101-51374-20111020-141836-S9-scripted,-46.249785714285714
words-BABEL-BP-101-98476-20111114-210412-S7-scripted,-54.979261904761906
words-BABEL-BP-101-87481-20111129-124953-O1-scripted,-26.913745098039218
words-BABEL-BP-101-31980-20111025-124647-SC-scripted,-41.957057142857145
words-BABEL-BP-101-98099-20111120-124436-S8-scripted,-38.96798113207547
words-BABEL-BP-101-32274-20111024-154936-M1-scripted,-48.93857142857143
words-BABEL-BP-101-52642-20111129-212614-M1-scripted,-41.918238095238095
words-BABEL-BP-101-90490-20111017-182721-S4-scripted,-48.0913606557377
words-BABEL-BP-101-90506-20111026-175754-C6-scripted,-34.15550684931507
words-BABEL-BP-101-13272-20111027-191410-T3-scripted,-34.403942028985504
words-BABEL-BP-101-36711-20111104-140429-T2-scripted,-38.45773529411765
words-BABEL-BP-101-45931-20111021-152204-O6-scripted,-27.090062500000002
words-BABEL-BP-101-45738-20111129-140701-D2-scripted,-40.67711904761905
words-BABEL-BP-101-70615-20111019-190413-O4-scripted,-36.45198846153846
words-BABEL-BP-101-46243-20111020-201343-T2-scripted,-49.3661914893617
words-BABEL-BP-101-25021-20111018-194642-N1-scripted,-43.61966666666667
words-BABEL-BP-101-48410-20111021-220657-S4-scripted,-37.489468253968255
words-BABEL-BP-101-82484-20111103-151942-C5-scripted,-42.61796052631579
words-BABEL-BP-101-52366-20111018-133154-L2-scripted,-40.04646774193548
words-BABEL-BP-101-69295-20111130-001535-A1-scripted,-23.140186440677965
words-BABEL-BP-101-80008-20111031-165203-T1-scripted,-45.989082191780824
words-BABEL-BP-101-59868-20111020-204115-S5-scripted,-47.42771739130435
words-BABEL-BP-101-45472-20111020-165006-D3-scripted,-31.5878125
words-BABEL-BP-101-24608-20111019-185021-D2-scripted,-34.47963095238096
words-BABEL-BP-101-34194-20111024-171540-N1-scripted,-32.37822972972973
words-BABEL-BP-101-52642-20111129-212714-O5-scripted,-33.75725333333333
words-BABEL-BP-101-18950-20111127-141046-O3-scripted,-29.0
words-BABEL-BP-101-91979-20111019-192738-L2-scripted,-42.20782692307692
words-BABEL-BP-101-88929-20111118-195644-C1-scripted,-32.92191525423729
words-BABEL-BP-101-81308-20111021-141904-S4-scripted,-40.33356779661017
words-BABEL-BP-101-58137-20111121-193654-SC-scripted,-35.99856944444444
words-BABEL-BP-101-69295-20111130-001453-S2-scripted,-42.639447619047615
words-BABEL-BP-101-14769-20111121-152530-T1-scripted,-44.552945205479446
words-BABEL-BP-101-51374-20111020-141720-S7-scripted,-48.43234090909091
words-BABEL-BP-101-68767-20111029-171352-S0-scripted,-36.19863636363637
words-BABEL-BP-101-37461-20111022-201828-L1-scripted,-36.26781884057971
words-BABEL-BP-101-98099-20111120-123908-L1-scripted,-32.99071604938272
words-BABEL-BP-101-61408-20111204-190939-C4-scripted,-38.218637681159414
words-BABEL-BP-101-98086-20111129-155128-SA-scripted,-41.630936507936504
words-BABEL-BP-101-16406-20111102-234332-C4-scripted,-34.303666666666665
words-BABEL-BP-101-28260-20111021-180230-C5-scripted,-44.6161975308642
words-BABEL-BP-101-16313-20111022-215512-O4-scripted,-24.739470588235292
words-BABEL-BP-101-96322-20111031-184344-SC-scripted,-42.49980582524272
words-BABEL-BP-101-69764-20111026-205112-S9-scripted,-42.09597478991597
words-BABEL-BP-101-72718-20111129-162342-I2-scripted,-31.114545454545453
words-BABEL-BP-101-33742-20111118-223002-T1-scripted,-45.544876712328765
words-BABEL-BP-101-25278-20111125-160827-S0-scripted,-37.48961616161616
words-BABEL-BP-101-49624-20111120-195341-S4-scripted,-40.225810810810806
words-BABEL-BP-101-91401-20111027-205601-SC-scripted,-40.42643181818182
words-BABEL-BP-101-11827-20111025-185025-T2-scripted,-36.05729411764706
words-BABEL-BP-101-35016-20111203-201507-S0-scripted,-35.3766168224299
words-BABEL-BP-101-21584-20111030-204055-C4-scripted,-34.25544262295082
words-BABEL-BP-101-24642-20111129-125032-O1-scripted,-33.0260119047619
words-BABEL-BP-101-40980-20111119-143855-D2-scripted,-39.6135119047619
words-BABEL-BP-101-61119-20111125-203543-L1-scripted,-31.007962962962964
words-BABEL-BP-101-75243-20111204-175459-D1-scripted,-32.59767741935484
words-BABEL-BP-101-10160-20111017-193313-SC-scripted,-47.36163043478261
words-BABEL-BP-101-39287-20111119-190333-I2-scripted,-21.607365384615385
words-BABEL-BP-101-21584-20111030-204420-A1-scripted,-29.97891489361702
words-BABEL-BP-101-45931-20111021-152426-C3-scripted,-39.16238709677419
words-BABEL-BP-101-20582-20111023-155525-C6-scripted,-34.9621975308642
words-BABEL-BP-101-26350-20111019-200405-S4-scripted,-56.40927173913044
words-BABEL-BP-101-42266-20111031-230047-O4-scripted,-60.74366666666666
words-BABEL-BP-101-24642-20111129-125238-O3-scripted,-30.566960784313725
words-BABEL-BP-101-72718-20111129-162749-O7-scripted,-36.97244047619048
words-BABEL-BP-101-85948-20111020-165035-S7-scripted,-41.81855384615385
words-BABEL-BP-101-80786-20111030-202417-T3-scripted,-33.172
words-BABEL-BP-101-93454-20111027-011626-S4-scripted,-51.750103174603176
words-BABEL-BP-101-99856-20111125-181625-C5-scripted,-44.12266666666667
words-BABEL-BP-101-97650-20111126-141506-C4-scripted,-38.39795238095238
words-BABEL-BP-101-25021-20111018-194035-O2-scripted,-32.76035714285714
words-BABEL-BP-101-13272-20111027-191257-C3-scripted,-36.4736847826087
words-BABEL-BP-101-11694-20111204-202159-S6-scripted,-38.45420930232558
words-BABEL-BP-101-13781-20111125-142918-SA-scripted,-39.34392233009709
words-BABEL-BP-101-49306-20111130-171409-O6-scripted,-26.03734
words-BABEL-BP-101-90577-20111014-142354-C2-scripted,-42.0285303030303
words-BABEL-BP-101-90393-20111103-164322-D2-scripted,-35.2949880952381
words-BABEL-BP-101-19147-20111021-172027-C5-scripted,-33.12830136986301
words-BABEL-BP-101-51569-20111019-194611-S0-scripted,-42.580222222222226
words-BABEL-BP-101-48559-20111118-123938-I1-scripted,-27.062756756756755
words-BABEL-BP-101-16266-20111027-144357-S1-scripted,-43.368182539682536
words-BABEL-BP-101-45642-20111027-164920-O2-scripted,-28.93609756097561
words-BABEL-BP-101-28260-20111021-175840-D1-scripted,-43.844342857142856
words-BABEL-BP-101-85948-20111020-165219-O6-scripted,-30.499147058823528
words-BABEL-BP-101-83791-20111017-203049-L2-scripted,-40.08002857142857
words-BABEL-BP-101-15873-20111026-125943-O7-scripted,-39.64907407407408
words-BABEL-BP-101-32295-20111111-142401-S1-scripted,-45.9335873015873
words-BABEL-BP-101-88929-20111118-195953-T2-scripted,-30.150464285714285
words-BABEL-BP-101-22979-20111129-141216-N1-scripted,-44.84641666666667
words-BABEL-BP-101-69137-20111121-154359-C6-scripted,-32.6365
words-BABEL-BP-101-49864-20111023-190515-S0-scripted,-40.97567708333333
words-BABEL-BP-101-69049-20111101-220949-N1-scripted,-46.66182142857143
words-BABEL-BP-101-99856-20111125-181848-S0-scripted,-60.11810317460318
words-BABEL-BP-101-37203-20111103-174424-T1-scripted,-49.19649315068493
words-BABEL-BP-101-24642-20111129-125711-S3-scripted,-45.001428571428576
words-BABEL-BP-101-49452-20111027-165242-A1-scripted,-37.54892307692308
words-BABEL-BP-101-55369-20111022-144252-SB-scripted,-42.597361904761904
words-BABEL-BP-101-53544-20111205-184434-C1-scripted,-28.135408450704226
words-BABEL-BP-101-97650-20111126-141255-O1-scripted,-34.448697674418604
words-BABEL-BP-101-10925-20111025-150439-S8-scripted,-43.112859813084114
words-BABEL-BP-101-74395-20111117-132627-S3-scripted,-38.9863
words-BABEL-BP-101-41456-20111117-160719-C3-scripted,-32.836247706422014
words-BABEL-BP-101-48188-20111117-203931-I1-scripted,-20.41528085106383
words-BABEL-BP-101-66903-20111021-124107-S2-scripted,-39.41518085106383
words-BABEL-BP-101-45511-20111025-195541-T1-scripted,-36.208479452054796
words-BABEL-BP-101-48053-20111020-124524-I2-scripted,-28.222434615384618
words-BABEL-BP-101-32274-20111024-155205-SC-scripted,-40.08962626262626
words-BABEL-BP-101-17572-20111116-153714-SC-scripted,-41.90680158730159
words-BABEL-BP-101-47661-20111028-180204-I2-scripted,-23.110645833333333
words-BABEL-BP-101-67555-20111023-133358-O6-scripted,-41.53457692307692
words-BABEL-BP-101-35006-20111120-172204-O1-scripted,-30.688811594202896
words-BABEL-BP-101-68129-20111120-131604-L3-scripted,-33.69922368421053
words-BABEL-BP-101-14666-20111122-122518-S7-scripted,-39.01157936507936
words-BABEL-BP-101-80953-20111122-194645-N1-scripted,-34.36391044776119
words-BABEL-BP-101-32452-20111022-133155-O6-scripted,-29.171450980392155
words-BABEL-BP-101-47661-20111028-180524-C3-scripted,-33.167591836734694
words-BABEL-BP-101-37766-20111130-005043-S5-scripted,-39.107460317460315
words-BABEL-BP-101-12003-20111116-130347-S8-scripted,-37.05386842105263
words-BABEL-BP-101-95533-20111129-181522-SC-scripted,-35.814195652173915
words-BABEL-BP-101-20320-20111027-203809-S2-scripted,-31.908126984126984
words-BABEL-BP-101-64889-20111124-214907-L3-scripted,-35.946172043010755
words-BABEL-BP-101-17203-20111026-135130-L3-scripted,-46.3145
words-BABEL-BP-101-29302-20111023-164818-S7-scripted,-39.80013541666667
words-BABEL-BP-101-32890-20111130-214858-O4-scripted,-27.646943396226416
words-BABEL-BP-101-40123-20111129-175409-C6-scripted,-38.560397959183675
words-BABEL-BP-101-93091-20111022-180541-D3-scripted,-25.3175
words-BABEL-BP-101-77802-20111125-184926-C3-scripted,-37.39763529411765
words-BABEL-BP-101-21584-20111030-204116-L2-scripted,-40.76836363636364
words-BABEL-BP-101-96438-20111125-192936-I2-scripted,-22.660534210526315
words-BABEL-BP-101-37766-20111130-004858-O3-scripted,-27.72096551724138
words-BABEL-BP-101-32295-20111111-142530-L3-scripted,-46.48719841269841
words-BABEL-BP-101-59961-20111031-201900-M1-scripted,-48.10148192771084
words-BABEL-BP-101-76341-20111027-124032-A1-scripted,-23.056673076923076
words-BABEL-BP-101-20518-20111119-172748-T2-scripted,-33.478123076923076
words-BABEL-BP-101-20518-20111119-173016-I1-scripted,-27.43860869565217
words-BABEL-BP-101-50842-20111030-164656-S8-scripted,-35.77344859813084
words-BABEL-BP-101-12897-20111115-163125-I2-scripted,-23.277102777777777
words-BABEL-BP-101-28161-20111024-172802-SB-scripted,-49.75478571428572
words-BABEL-BP-101-20590-20111017-165155-S9-scripted,-55.679707692307694
words-BABEL-BP-101-80953-20111122-194617-O7-scripted,-28.65538775510204
words-BABEL-BP-101-91401-20111027-205430-O5-scripted,-30.504745454545453
words-BABEL-BP-101-88929-20111118-195505-T1-scripted,-36.50123287671233
words-BABEL-BP-101-53985-20111027-131732-D3-scripted,-31.05238181818182
words-BABEL-BP-101-37766-20111130-005234-D2-scripted,-47.43853571428571
words-BABEL-BP-101-59868-20111020-204234-O4-scripted,-43.45802325581395
words-BABEL-BP-101-19147-20111021-172006-O5-scripted,-31.988805970149254
words-BABEL-BP-101-36424-20111119-142540-O3-scripted,-24.865666666666666
words-BABEL-BP-101-41513-20111121-135552-I2-scripted,-24.32124705882353
words-BABEL-BP-101-77886-20111026-160337-S7-scripted,-51.54732539682539
words-BABEL-BP-101-76661-20111024-184952-L3-scripted,-44.65136507936508
words-BABEL-BP-101-24608-20111019-184556-C6-scripted,-34.65589361702128
words-BABEL-BP-101-45642-20111027-165434-O7-scripted,-36.18272413793103
words-BABEL-BP-101-15142-20111029-162051-S0-scripted,-47.18403333333333
words-BABEL-BP-101-51727-20111117-001756-S3-scripted,-37.270407407407404
words-BABEL-BP-101-29959-20111116-195355-T3-scripted,-35.4341
words-BABEL-BP-101-94514-20111127-124829-N1-scripted,-32.94987323943662
words-BABEL-BP-101-17013-20111117-005425-O3-scripted,-29.880373493975902
words-BABEL-BP-101-37285-20111028-000831-O7-scripted,-29.47856862745098
words-BABEL-BP-101-74451-20111117-161348-T3-scripted,-32.363521739130434
words-BABEL-BP-101-76733-20111128-131301-L2-scripted,-34.82325287356322
words-BABEL-BP-101-90577-20111014-142615-S4-scripted,-47.93982142857143
words-BABEL-BP-101-60826-20111120-162619-O3-scripted,-26.219321428571426
words-BABEL-BP-101-17606-20111127-135718-I2-scripted,-23.70665384615385
words-BABEL-BP-101-17203-20111026-135220-D2-scripted,-46.28051190476191
words-BABEL-BP-101-45472-20111020-164923-S1-scripted,-47.53223529411765
words-BABEL-BP-101-39809-20111025-180316-N1-scripted,-35.674130434782604
words-BABEL-BP-101-69137-20111121-154625-M1-scripted,-31.272322580645163
words-BABEL-BP-101-12631-20111020-133514-D3-scripted,-29.825596774193546
words-BABEL-BP-101-45511-20111025-200224-S6-scripted,-42.63303174603174
words-BABEL-BP-101-90819-20111126-171622-O6-scripted,-24.550814814814814
words-BABEL-BP-101-87351-20111019-210954-L1-scripted,-34.521457142857145
words-BABEL-BP-101-51727-20111117-001847-S6-scripted,-34.302328571428575
words-BABEL-BP-101-89674-20111025-183638-C5-scripted,-37.253829268292684
words-BABEL-BP-101-37461-20111022-201953-O6-scripted,-27.600344827586206
words-BABEL-BP-101-19147-20111021-172311-T3-scripted,-29.979693548387097
words-BABEL-BP-101-73786-20111019-131145-N1-scripted,-48.441394736842106
words-BABEL-BP-101-40346-20111018-163212-A1-scripted,-39.707071428571425
words-BABEL-BP-101-86016-20111118-134412-T2-scripted,-35.55866153846154
words-BABEL-BP-101-52642-20111129-212521-C2-scripted,-33.36351086956522
words-BABEL-BP-101-82484-20111103-152220-N1-scripted,-38.16030864197531
words-BABEL-BP-101-34930-20111023-235654-L1-scripted,-44.02596470588235
words-BABEL-BP-101-71778-20111121-145125-O3-scripted,-23.49148979591837
words-BABEL-BP-101-38956-20111025-172601-S8-scripted,-42.55271764705883
words-BABEL-BP-101-24642-20111129-125430-C5-scripted,-45.183060975609756
words-BABEL-BP-101-47661-20111028-180401-S4-scripted,-35.148014492753624
words-BABEL-BP-101-58190-20111124-201539-O7-scripted,-28.012215686274512
words-BABEL-BP-101-69650-20111025-213812-S7-scripted,-39.538440860215054
words-BABEL-BP-101-83791-20111017-203253-L3-scripted,-35.96987
words-BABEL-BP-101-84042-20111129-183122-C2-scripted,-41.993873015873014
words-BABEL-BP-101-72718-20111129-162620-SA-scripted,-42.535246913580245
words-BABEL-BP-101-49624-20111120-195523-A1-scripted,-23.75169761904762
words-BABEL-BP-101-59961-20111031-202137-S2-scripted,-42.35265625
words-BABEL-BP-101-25236-20111129-192120-S2-scripted,-37.195564705882354
words-BABEL-BP-101-54315-20111018-145018-C5-scripted,-38.174197368421055
words-BABEL-BP-101-35179-20111124-125200-S6-scripted,-32.33803703703703
words-BABEL-BP-101-91481-20111124-205957-T1-scripted,-33.13864615384615
words-BABEL-BP-101-80156-20111023-195944-O2-scripted,-29.677608695652175
words-BABEL-BP-101-87564-20111130-173326-C1-scripted,-30.362910447761195
words-BABEL-BP-101-14936-20111026-200658-S9-scripted,-43.68327848101266
words-BABEL-BP-101-13781-20111125-142509-L1-scripted,-34.17321232876712
words-BABEL-BP-101-36711-20111104-140026-D1-scripted,-39.10883783783784
words-BABEL-BP-101-13229-20111127-134536-O5-scripted,-42.10264705882353
words-BABEL-BP-101-85883-20111126-182020-A1-scripted,-35.41214285714286
words-BABEL-BP-101-40510-20111126-145457-D2-scripted,-33.80595238095238
words-BABEL-BP-101-69650-20111025-214217-S0-scripted,-37.51759722222222
words-BABEL-BP-101-84335-20111116-202124-S6-scripted,-30.0750873015873
words-BABEL-BP-101-95589-20111118-210013-D1-scripted,-34.37206756756757
words-BABEL-BP-101-65606-20111116-134153-O3-scripted,-25.619448979591837
words-BABEL-BP-101-17933-20111120-202939-S4-scripted,-36.55507792207792
words-BABEL-BP-101-33671-20111019-124241-S4-scripted,-51.80257936507937
words-BABEL-BP-101-96322-20111031-183818-O1-scripted,-33.725442307692305
words-BABEL-BP-101-77965-20111019-131141-O1-scripted,-40.583393939393936
words-BABEL-BP-101-29302-20111023-165023-S1-scripted,-36.514317460317464
words-BABEL-BP-101-34194-20111024-171531-S3-scripted,-33.946619047619045
words-BABEL-BP-101-53985-20111027-131359-D1-scripted,-43.40690196078431
words-BABEL-BP-101-80156-20111023-200022-S7-scripted,-42.731369747899166
words-BABEL-BP-101-98099-20111120-124327-O7-scripted,-31.362037735849057
words-BABEL-BP-101-66798-20111026-140039-O2-scripted,-45.840603174603174
words-BABEL-BP-101-53544-20111205-185041-O7-scripted,-25.52796551724138
words-BABEL-BP-101-18950-20111127-140828-O1-scripted,-26.652563636363638
words-BABEL-BP-101-74451-20111117-161219-S2-scripted,-34.474382716049384
words-BABEL-BP-101-17080-20111020-181815-O6-scripted,-34.45656756756757
words-BABEL-BP-101-81056-20111130-214315-S5-scripted,-46.53342063492064
words-BABEL-BP-101-89619-20111029-201842-T2-scripted,-32.63993421052632
words-BABEL-BP-101-88294-20111026-020916-C2-scripted,-36.550444444444445
words-BABEL-BP-101-29959-20111116-195017-O6-scripted,-29.905425925925925
words-BABEL-BP-101-12631-20111020-133743-S6-scripted,-46.34435714285714
words-BABEL-BP-101-58923-20111021-130738-C2-scripted,-36.574423423423426
words-BABEL-BP-101-87351-20111019-211319-SC-scripted,-34.34985294117647
words-BABEL-BP-101-37203-20111103-174511-S7-scripted,-40.69857798165138
words-BABEL-BP-101-17080-20111020-181906-D3-scripted,-28.558972222222224
words-BABEL-BP-101-77965-20111019-131743-S3-scripted,-41.00485074626865
words-BABEL-BP-101-83362-20111018-184332-I1-scripted,-26.37475925925926
words-BABEL-BP-101-90393-20111103-164012-O3-scripted,-24.183075471698114
words-BABEL-BP-101-42766-20111124-143227-L1-scripted,-39.20126470588235
words-BABEL-BP-101-21430-20111027-140542-SB-scripted,-34.4679693877551
words-BABEL-BP-101-86016-20111118-134509-S2-scripted,-33.33057575757576
words-BABEL-BP-101-66903-20111021-123606-D1-scripted,-38.92226315789473
words-BABEL-BP-101-68129-20111120-131319-C1-scripted,-26.56214035087719
words-BABEL-BP-101-78879-20111102-130717-S9-scripted,-51.27194444444445
words-BABEL-BP-101-39317-20111020-155621-D1-scripted,-47.261743589743595
words-BABEL-BP-101-70615-20111019-185930-O1-scripted,-34.989625
words-BABEL-BP-101-97274-20111023-145935-S6-scripted,-40.214558333333336
words-BABEL-BP-101-30168-20111118-125849-S4-scripted,-38.38476923076923
words-BABEL-BP-101-59028-20111130-194208-I2-scripted,-19.633576744186044
words-BABEL-BP-101-89619-20111029-201627-O3-scripted,-35.4105652173913
words-BABEL-BP-101-49689-20111125-172917-S8-scripted,-42.793817460317456
words-BABEL-BP-101-42615-20111018-171253-O4-scripted,-30.47886111111111
words-BABEL-BP-101-74451-20111117-160804-C1-scripted,-26.076521739130435
words-BABEL-BP-101-15142-20111029-162009-SC-scripted,-43.32013157894737
words-BABEL-BP-101-90890-20111018-140617-C1-scripted,-33.2006052631579
words-BABEL-BP-101-40439-20111203-175926-C6-scripted,-34.68532530120482
words-BABEL-BP-101-39080-20111124-175317-O1-scripted,-22.85328571428571
words-BABEL-BP-101-45361-20111124-135556-I2-scripted,-21.907932432432432
words-BABEL-BP-101-16660-20111020-203235-O7-scripted,-29.189607142857145
words-BABEL-BP-101-95650-20111019-141706-O3-scripted,-30.16003870967742
words-BABEL-BP-101-48559-20111118-123218-D1-scripted,-30.76119696969697
words-BABEL-BP-101-88929-20111118-200155-S3-scripted,-41.88398290598291
words-BABEL-BP-101-80156-20111023-200543-S3-scripted,-45.559619047619044
words-BABEL-BP-101-61822-20111022-194101-T1-scripted,-32.44461764705882
words-BABEL-BP-101-17572-20111116-153332-I2-scripted,-25.27304761904762
words-BABEL-BP-101-82217-20111115-185555-S7-scripted,-38.93286538461538
words-BABEL-BP-101-27178-20111025-172111-S3-scripted,-51.68226595744681
words-BABEL-BP-101-88464-20111119-191756-L1-scripted,-37.384884210526316
words-BABEL-BP-101-12897-20111115-163429-S2-scripted,-37.02301149425287
words-BABEL-BP-101-32452-20111022-133533-I1-scripted,-22.523570454545453
words-BABEL-BP-101-81486-20111027-154025-SB-scripted,-39.23489090909091
words-BABEL-BP-101-96438-20111125-192750-C6-scripted,-33.442587301587295
words-BABEL-BP-101-31980-20111025-124518-O5-scripted,-40.924895522388056
words-BABEL-BP-101-59868-20111020-204202-T2-scripted,-44.080999999999996
words-BABEL-BP-101-69236-20111029-173900-D1-scripted,-35.37787671232877
words-BABEL-BP-101-46243-20111020-201122-L1-scripted,-39.29244827586207
words-BABEL-BP-101-35932-20111022-195831-T1-scripted,-33.490508771929825
words-BABEL-BP-101-63339-20111019-191021-D1-scripted,-38.86889583333333
words-BABEL-BP-101-16313-20111022-215422-D3-scripted,-29.274099999999997
words-BABEL-BP-101-21584-20111030-204222-C5-scripted,-36.28310666666667
words-BABEL-BP-101-98219-20111125-153728-S9-scripted,-36.94048275862069
words-BABEL-BP-101-14915-20111119-163403-L3-scripted,-39.4430576923077
words-BABEL-BP-101-15142-20111029-161744-S9-scripted,-44.48826506024096
words-BABEL-BP-101-30168-20111118-125705-S9-scripted,-38.326825
words-BABEL-BP-101-93454-20111027-011945-I1-scripted,-50.90207142857143
words-BABEL-BP-101-58923-20111021-130612-T1-scripted,-35.2707808219178
words-BABEL-BP-101-29444-20111024-200650-N1-scripted,-34.19945945945946
words-BABEL-BP-101-86227-20111020-204416-SB-scripted,-47.087134920634924
words-BABEL-BP-101-37094-20111019-180819-S2-scripted,-44.39851388888889
words-BABEL-BP-101-28132-20111023-130446-A1-scripted,-40.422350649350655
words-BABEL-BP-101-27503-20111021-170118-C4-scripted,-40.502758620689654
words-BABEL-BP-101-59544-20111027-163830-SB-scripted,-53.42222857142857
words-BABEL-BP-101-34930-20111023-235809-O6-scripted,-41.82444897959184
words-BABEL-BP-101-89619-20111029-202007-S0-scripted,-34.81026605504587
words-BABEL-BP-101-17080-20111020-181939-L3-scripted,-37.16850980392157
words-BABEL-BP-101-61822-20111022-194610-S0-scripted,-43.115674157303374
words-BABEL-BP-101-84540-20111102-201916-S5-scripted,-36.3787108433735
words-BABEL-BP-101-58137-20111121-193459-O6-scripted,-26.44355319148936
words-BABEL-BP-101-40510-20111126-145303-T2-scripted,-30.419417910447763
words-BABEL-BP-101-90313-20111019-153126-L2-scripted,-38.858365079365086
words-BABEL-BP-101-31917-20111124-142108-C2-scripted,-34.011825396825394
words-BABEL-BP-101-47906-20111119-124434-O5-scripted,-28.67963768115942
words-BABEL-BP-101-61119-20111125-204107-S8-scripted,-42.07500793650794
words-BABEL-BP-101-61762-20111028-175059-S3-scripted,-33.809825000000004
words-BABEL-BP-101-49306-20111130-171813-I1-scripted,-20.904666666666667
words-BABEL-BP-101-19147-20111021-171810-C1-scripted,-25.697589285714287
words-BABEL-BP-101-73761-20111115-123720-O6-scripted,-36.98295238095238
words-BABEL-BP-101-74317-20111115-152201-C1-scripted,-27.61722857142857
words-BABEL-BP-101-25021-20111018-194326-O5-scripted,-41.512232142857144
words-BABEL-BP-101-39080-20111124-175635-O6-scripted,-27.902338461538463
words-BABEL-BP-101-59028-20111130-194657-S6-scripted,-37.2101
words-BABEL-BP-101-18950-20111127-141327-SA-scripted,-40.54872368421053
words-BABEL-BP-101-19147-20111021-171646-O1-scripted,-25.247041666666664
words-BABEL-BP-101-17093-20111124-152518-S7-scripted,-38.02529
words-BABEL-BP-101-69295-20111130-001315-C5-scripted,-34.41031632653061
words-BABEL-BP-101-72330-20111021-172628-S5-scripted,-46.75909708737864
words-BABEL-BP-101-91979-20111019-192659-O3-scripted,-29.737623076923075
words-BABEL-BP-101-49864-20111023-190328-D3-scripted,-25.659354166666663
words-BABEL-BP-101-79495-20111017-194513-S9-scripted,-41.146806818181815
words-BABEL-BP-101-61119-20111125-204018-S3-scripted,-33.81193827160494
words-BABEL-BP-101-76341-20111027-123954-S2-scripted,-38.40849411764706
words-BABEL-BP-101-24608-20111019-185157-I1-scripted,-25.122577419354837
words-BABEL-BP-101-17572-20111116-153418-M1-scripted,-46.811416666666666
words-BABEL-BP-101-95650-20111019-142202-O5-scripted,-32.55151282051282
words-BABEL-BP-101-68545-20111121-125419-M1-scripted,-30.517138888888887
words-BABEL-BP-101-89818-20111019-175058-I2-scripted,-26.951047619047618
words-BABEL-BP-101-56117-20111120-222343-L1-scripted,-34.20092207792208
words-BABEL-BP-101-91905-20111120-205353-N1-scripted,-34.051397058823525
words-BABEL-BP-101-76661-20111024-185147-A1-scripted,-39.686007936507934
words-BABEL-BP-101-68129-20111120-131330-L1-scripted,-37.815
words-BABEL-BP-101-27619-20111102-195356-T2-scripted,-38.756392857142856
words-BABEL-BP-101-58536-20111103-194638-SA-scripted,-42.14959130434783
words-BABEL-BP-101-35576-20111118-124324-A1-scripted,-28.852500000000003
words-BABEL-BP-101-93192-20111020-123637-T1-scripted,-35.02706060606061
words-BABEL-BP-101-74395-20111117-132609-O7-scripted,-28.1723
words-BABEL-BP-101-58536-20111103-194849-I1-scripted,-23.376145833333336
words-BABEL-BP-101-84088-20111020-182301-C2-scripted,-43.414412698412704
words-BABEL-BP-101-88506-20111115-193709-T1-scripted,-29.99210144927536
words-BABEL-BP-101-45511-20111025-195734-C4-scripted,-40.440666666666665
words-BABEL-BP-101-45702-20111130-124833-S1-scripted,-38.434125
words-BABEL-BP-101-84335-20111116-201701-M1-scripted,-41.67225
words-BABEL-BP-101-37094-20111019-180758-SC-scripted,-45.30750793650794
words-BABEL-BP-101-40346-20111018-163205-O7-scripted,-35.79957037037037
words-BABEL-BP-101-11422-20111019-142840-D1-scripted,-41.54486363636363
words-BABEL-BP-101-23719-20111103-141058-S8-scripted,-44.00159793814433
words-BABEL-BP-101-24642-20111129-125808-S8-scripted,-49.806468253968255
words-BABEL-BP-101-44836-20111119-152010-C6-scripted,-34.93160317460317
words-BABEL-BP-101-93192-20111020-123839-M1-scripted,-37.83005769230769
words-BABEL-BP-101-20582-20111023-155623-C1-scripted,-41.059260273972605
words-BABEL-BP-101-58923-20111021-130724-L1-scripted,-42.88361538461538
words-BABEL-BP-101-39080-20111124-175602-L2-scripted,-30.932953846153847
words-BABEL-BP-101-89965-20111129-173124-SB-scripted,-48.878
words-BABEL-BP-101-58357-20111122-153119-L2-scripted,-29.517971428571425
words-BABEL-BP-101-58536-20111103-194702-D2-scripted,-42.715964285714286
words-BABEL-BP-101-15473-20111031-124604-O6-scripted,-34.02621428571429
words-BABEL-BP-101-45678-20111020-151942-C4-scripted,-37.33202
words-BABEL-BP-101-29335-20111121-161027-S8-scripted,-41.974528735632184
words-BABEL-BP-101-25934-20111011-172823-D2-scripted,-40.082047619047614
words-BABEL-BP-101-57629-20111018-143613-SC-scripted,-48.55596551724138
words-BABEL-BP-101-87481-20111129-125728-T3-scripted,-34.508761904761904
words-BABEL-BP-101-96283-20111115-151636-S8-scripted,-41.31262365591398
words-BABEL-BP-101-83362-20111018-184206-S2-scripted,-45.23203896103897
words-BABEL-BP-101-23571-20111128-230517-S6-scripted,-37.03011111111111
words-BABEL-BP-101-80786-20111030-201858-C2-scripted,-42.26321875
words-BABEL-BP-101-49306-20111130-171235-C1-scripted,-28.201485294117646
words-BABEL-BP-101-20582-20111023-155650-O3-scripted,-29.864679245283018
words-BABEL-BP-101-59961-20111031-202259-T3-scripted,-45.49551612903226
words-BABEL-BP-101-10900-20111029-153756-S8-scripted,-40.10634831460674
words-BABEL-BP-101-46243-20111020-201324-D3-scripted,-37.90593548387097
words-BABEL-BP-101-58357-20111122-153209-O5-scripted,-34.70664285714286
words-BABEL-BP-101-38912-20111120-211514-S2-scripted,-39.44124770642201
words-BABEL-BP-101-88243-20111024-184915-S6-scripted,-29.819918032786887
words-BABEL-BP-101-94223-20111026-212803-L3-scripted,-36.51731325301205
words-BABEL-BP-101-84335-20111116-201542-O3-scripted,-36.18707142857143
words-BABEL-BP-101-53544-20111205-185006-S2-scripted,-36.018487603305786
words-BABEL-BP-101-85948-20111020-165400-O4-scripted,-27.422913333333334
words-BABEL-BP-101-38912-20111120-211225-L2-scripted,-28.41712605042017
words-BABEL-BP-101-48188-20111117-203531-S1-scripted,-39.31066666666667
words-BABEL-BP-101-15881-20111024-135848-S0-scripted,-40.582938144329894
words-BABEL-BP-101-89674-20111025-183841-O7-scripted,-27.035500000000003
words-BABEL-BP-101-75020-20111020-151147-C4-scripted,-35.68888888888889
words-BABEL-BP-101-44836-20111119-152503-SC-scripted,-39.93080733944954
words-BABEL-BP-101-25236-20111129-192210-S3-scripted,-39.24683720930233
words-BABEL-BP-101-59961-20111031-202056-SA-scripted,-38.5170625
words-BABEL-BP-101-36502-20111025-142648-O2-scripted,-34.80829090909091
words-BABEL-BP-101-63459-20111120-161846-C2-scripted,-32.73870422535211
words-BABEL-BP-101-93151-20111023-183109-S0-scripted,-36.50896
words-BABEL-BP-101-28161-20111024-173036-D2-scripted,-40.438725
words-BABEL-BP-101-83791-20111017-203059-M1-scripted,-49.99173015873016
words-BABEL-BP-101-94696-20111203-185746-I2-scripted,-23.0681675
words-BABEL-BP-101-20320-20111027-203619-O5-scripted,-32.92366666666666
words-BABEL-BP-101-38108-20111125-150237-O3-scripted,-33.34652
words-BABEL-BP-101-94223-20111026-212634-O6-scripted,-27.808627450980392
words-BABEL-BP-101-99856-20111125-181710-T2-scripted,-39.24589285714286
words-BABEL-BP-101-10973-20111019-175906-C4-scripted,-38.446446808510636
words-BABEL-BP-101-92321-20111125-150626-S8-scripted,-34.68342201834862
words-BABEL-BP-101-76944-20111114-204141-A1-scripted,-49.37525490196078
words-BABEL-BP-101-77802-20111125-184733-D3-scripted,-22.099702127659572
words-BABEL-BP-101-80817-20111125-180258-S4-scripted,-41.919468253968255
words-BABEL-BP-101-20740-20111125-193621-M1-scripted,-47.29086904761905
words-BABEL-BP-101-37094-20111019-180557-O6-scripted,-46.678892857142856
words-BABEL-BP-101-88464-20111119-192201-S0-scripted,-37.03524719101124
words-BABEL-BP-101-59454-20111117-200643-N1-scripted,-29.99808
words-BABEL-BP-101-37110-20111019-201418-SA-scripted,-42.17529885057471
words-BABEL-BP-101-29444-20111024-200527-SC-scripted,-41.39055963302752
words-BABEL-BP-101-39997-20111124-150129-M1-scripted,-43.3344880952381
words-BABEL-BP-101-77348-20111018-165550-I1-scripted,-37.706495454545454
words-BABEL-BP-101-97650-20111126-141701-C5-scripted,-41.67022950819672
words-BABEL-BP-101-53464-20111020-124842-N1-scripted,-44.325686746987955
words-BABEL-BP-101-74404-20111020-182232-O2-scripted,-41.87385714285715
words-BABEL-BP-101-87564-20111130-173830-S6-scripted,-35.58535064935065
words-BABEL-BP-101-88294-20111026-021115-D3-scripted,-30.323754716981135
words-BABEL-BP-101-58357-20111122-153425-S0-scripted,-39.16214285714286
words-BABEL-BP-101-45931-20111021-152026-S7-scripted,-42.74135106382979
words-BABEL-BP-101-36383-20111129-173626-T3-scripted,-37.64794047619048
words-BABEL-BP-101-95034-20111126-191815-C1-scripted,-27.940983050847457
words-BABEL-BP-101-77348-20111018-165158-M1-scripted,-40.34963157894737
words-BABEL-BP-101-99571-20111024-161845-L1-scripted,-35.322629629629624
words-BABEL-BP-101-91409-20111023-173306-C4-scripted,-31.22455952380952
words-BABEL-BP-101-28161-20111024-172659-O3-scripted,-30.0814
words-BABEL-BP-101-28675-20111118-183137-O3-scripted,-24.325519230769228
words-BABEL-BP-101-95650-20111019-142452-S3-scripted,-43.73395789473684
words-BABEL-BP-101-82484-20111103-152116-S2-scripted,-39.99934090909091
words-BABEL-BP-101-32295-20111111-142016-D1-scripted,-35.65976530612245
words-BABEL-BP-101-76661-20111024-184514-O2-scripted,-52.88187096774193
words-BABEL-BP-101-86419-20111019-205320-C2-scripted,-46.36631666666666
words-BABEL-BP-101-68295-20111124-173849-O5-scripted,-29.928913793103447
words-BABEL-BP-101-46603-20111128-202500-C1-scripted,-27.809753846153846
words-BABEL-BP-101-64205-20111203-124116-S1-scripted,-35.8372619047619
words-BABEL-BP-101-53824-20111115-171757-D2-scripted,-34.74366666666666
words-BABEL-BP-101-84943-20111020-140459-O3-scripted,-30.574327586206895
words-BABEL-BP-101-41513-20111121-135703-SB-scripted,-37.18351111111111
words-BABEL-BP-101-79495-20111017-194616-O5-scripted,-41.88032142857143
words-BABEL-BP-101-88243-20111024-184848-A1-scripted,-21.453404255319146
words-BABEL-BP-101-49541-20111104-190604-O5-scripted,-36.93848333333334
words-BABEL-BP-101-15873-20111026-125411-O2-scripted,-44.41607936507937
words-BABEL-BP-101-11036-20111019-190821-C2-scripted,-43.82316363636363
words-BABEL-BP-101-61119-20111125-203533-C1-scripted,-29.982129032258065
words-BABEL-BP-101-89630-20111125-185855-I1-scripted,-30.517857142857142
words-BABEL-BP-101-16406-20111102-234113-D1-scripted,-40.048785714285714
words-BABEL-BP-101-50409-20111204-155319-C3-scripted,-36.6053738317757
words-BABEL-BP-101-15473-20111031-124648-C5-scripted,-37.72614285714286
words-BABEL-BP-101-31441-20111026-001107-O4-scripted,-31.945244897959185
words-BABEL-BP-101-93091-20111022-180201-D1-scripted,-31.787799999999997
words-BABEL-BP-101-37210-20111102-170420-S5-scripted,-41.510738095238096
words-BABEL-BP-101-22903-20111116-130015-I2-scripted,-23.0473675
words-BABEL-BP-101-56648-20111126-181118-S5-scripted,-43.10811428571429
words-BABEL-BP-101-15460-20111120-190605-S4-scripted,-38.40219540229885
words-BABEL-BP-101-90730-20111024-185612-O7-scripted,-39.28035714285714
words-BABEL-BP-101-35932-20111022-195801-O1-scripted,-26.41711764705882
words-BABEL-BP-101-20740-20111125-193821-SA-scripted,-37.67113095238095
words-BABEL-BP-101-40123-20111129-175629-C4-scripted,-31.69441095890411
words-BABEL-BP-101-86419-20111019-205544-T2-scripted,-42.47327083333334
words-BABEL-BP-101-92735-20111024-165546-S3-scripted,-42.29218556701031
words-BABEL-BP-101-87634-20111019-144508-O1-scripted,-26.79371935483871
words-BABEL-BP-101-60183-20111129-190158-O7-scripted,-27.800573770491805
words-BABEL-BP-101-73761-20111115-124016-A1-scripted,-29.757106382978726
words-BABEL-BP-101-22910-20111028-183714-O4-scripted,-35.893791666666665
words-BABEL-BP-101-29444-20111024-200444-T2-scripted,-40.149208333333334
words-BABEL-BP-101-10973-20111019-180057-D3-scripted,-35.10612903225806
words-BABEL-BP-101-20408-20111101-202513-D2-scripted,-49.67044047619048
words-BABEL-BP-101-66798-20111026-140632-S8-scripted,-50.44250793650794
words-BABEL-BP-101-90506-20111026-180200-SA-scripted,-36.14588888888889
words-BABEL-BP-101-74884-20111030-141319-S6-scripted,-37.533564705882355
words-BABEL-BP-101-14936-20111026-200845-D3-scripted,-45.18266666666667
words-BABEL-BP-101-10973-20111019-180147-O4-scripted,-40.59653125
words-BABEL-BP-101-89619-20111029-201641-C4-scripted,-40.11319230769231
words-BABEL-BP-101-31441-20111026-001100-SA-scripted,-46.1131037735849
words-BABEL-BP-101-10973-20111019-180129-L3-scripted,-42.77940579710145
words-BABEL-BP-101-55944-20111124-174320-L3-scripted,-34.77222340425532
words-BABEL-BP-101-89818-20111019-175210-O6-scripted,-33.435702702702706
words-BABEL-BP-101-60110-20111102-205904-S7-scripted,-40.535361111111115
words-BABEL-BP-101-59544-20111027-164100-S2-scripted,-38.96154237288136
words-BABEL-BP-101-21430-20111027-140835-S0-scripted,-39.49642574257426
words-BABEL-BP-101-23167-20111026-192702-S6-scripted,-43.144817073170735
words-BABEL-BP-101-61446-20111019-150255-A1-scripted,-33.499138095238095
words-BABEL-BP-101-26017-20111030-200437-I1-scripted,-20.56626530612245
words-BABEL-BP-101-16266-20111027-144522-SA-scripted,-38.198652631578945
words-BABEL-BP-101-94226-20111125-134436-O6-scripted,-31.8856
words-BABEL-BP-101-56117-20111120-222407-I2-scripted,-24.399302564102566
words-BABEL-BP-101-41513-20111121-135332-O1-scripted,-28.193380952380956
words-BABEL-BP-101-93643-20111021-151854-O1-scripted,-28.62167741935484
words-BABEL-BP-101-76733-20111128-131558-D2-scripted,-37.99632142857143
words-BABEL-BP-101-70511-20111119-195958-T3-scripted,-32.68088524590164
words-BABEL-BP-101-34930-20111023-235938-O4-scripted,-42.20572222222222
words-BABEL-BP-101-92735-20111024-165413-SA-scripted,-43.79442727272727
words-BABEL-BP-101-81321-20111028-120635-T3-scripted,-37.99102380952381
words-BABEL-BP-101-32452-20111022-133314-L3-scripted,-40.65839705882353
words-BABEL-BP-101-96283-20111115-150720-T1-scripted,-33.28686274509804
words-BABEL-BP-101-87107-20111028-183618-O4-scripted,-24.65422448979592
words-BABEL-BP-101-31980-20111025-124208-L2-scripted,-38.64184705882353
words-BABEL-BP-101-82484-20111103-151757-I2-scripted,-30.509625
words-BABEL-BP-101-91406-20111114-215530-D3-scripted,-26.949954545454545
words-BABEL-BP-101-43383-20111019-133700-C5-scripted,-43.70142372881356
words-BABEL-BP-101-28675-20111118-183209-S9-scripted,-42.05697619047619
words-BABEL-BP-101-38108-20111125-150621-C3-scripted,-36.714825581395345
words-BABEL-BP-101-29959-20111116-195221-D2-scripted,-36.24621428571428
words-BABEL-BP-101-70615-20111019-190406-SA-scripted,-46.58221052631579
words-BABEL-BP-101-24608-20111019-184942-L3-scripted,-38.97059322033898
words-BABEL-BP-101-36383-20111129-173616-S6-scripted,-35.53650442477876
words-BABEL-BP-101-45472-20111020-164627-C6-scripted,-43.46205357142857
words-BABEL-BP-101-85883-20111126-181547-L1-scripted,-34.434025316455696
words-BABEL-BP-101-95034-20111126-192355-S3-scripted,-37.110297619047614
words-BABEL-BP-101-54315-20111018-144619-D1-scripted,-41.943306451612905
words-BABEL-BP-101-56070-20111030-183446-T1-scripted,-35.72176923076923
words-BABEL-BP-101-89573-20111025-194358-O3-scripted,-25.036191489361702
words-BABEL-BP-101-90393-20111103-164519-S8-scripted,-30.52184722222222
words-BABEL-BP-101-40980-20111119-143618-M1-scripted,-34.14421518987342
words-BABEL-BP-101-68129-20111120-131158-T1-scripted,-28.65128813559322
words-BABEL-BP-101-94149-20111027-122910-S9-scripted,-47.213868686868686
words-BABEL-BP-101-21367-20111126-130251-C5-scripted,-34.231785714285714
words-BABEL-BP-101-14891-20111018-123415-O2-scripted,-47.92173913043479
words-BABEL-BP-101-69650-20111025-213838-C2-scripted,-33.967499999999994
words-BABEL-BP-101-21367-20111126-130159-SB-scripted,-39.01844186046512
words-BABEL-BP-101-91979-20111019-193037-S2-scripted,-50.86008235294118
words-BABEL-BP-101-39317-20111020-155941-O6-scripted,-45.54353571428572
words-BABEL-BP-101-60183-20111129-190253-I1-scripted,-28.225657894736845
words-BABEL-BP-101-20685-20111019-122051-M1-scripted,-43.29286904761905
words-BABEL-BP-101-20590-20111017-164256-T1-scripted,-38.29555172413793
words-BABEL-BP-101-32890-20111130-214610-O3-scripted,-22.46467924528302
words-BABEL-BP-101-45642-20111027-165517-S6-scripted,-35.969819277108435
words-BABEL-BP-101-35179-20111124-124756-O3-scripted,-25.009021739130436
words-BABEL-BP-101-12631-20111020-132552-O2-scripted,-33.30803913043478
words-BABEL-BP-101-82217-20111115-185406-D1-scripted,-40.00169696969697
words-BABEL-BP-101-61822-20111022-194229-I2-scripted,-23.160892105263155
words-BABEL-BP-101-61408-20111204-191521-S3-scripted,-42.56609677419355
words-BABEL-BP-101-88506-20111115-193816-L1-scripted,-33.6749702970297
words-BABEL-BP-101-32274-20111024-154950-SB-scripted,-43.17525409836066
words-BABEL-BP-101-58190-20111124-201456-D2-scripted,-35.07897619047619
words-BABEL-BP-101-32274-20111024-154958-O6-scripted,-30.30856603773585
words-BABEL-BP-101-73923-20111017-170035-S3-scripted,-38.833674698795186
words-BABEL-BP-101-23930-20111125-130816-SB-scripted,-49.91945454545454
words-BABEL-BP-101-37094-20111019-180529-L2-scripted,-40.5139756097561
words-BABEL-BP-101-66964-20111117-171217-O2-scripted,-23.422283018867926
words-BABEL-BP-101-51052-20111121-173300-O5-scripted,-32.855971830985915
words-BABEL-BP-101-59454-20111117-200009-C6-scripted,-43.634352
words-BABEL-BP-101-39246-20111119-183226-D1-scripted,-36.680352112676054
words-BABEL-BP-101-17018-20111020-155637-O6-scripted,-46.97069047619048
words-BABEL-BP-101-69764-20111026-205433-S2-scripted,-44.96473451327434
words-BABEL-BP-101-80817-20111125-180039-O3-scripted,-27.29878723404255
words-BABEL-BP-101-22979-20111129-140602-O3-scripted,-29.068737704918032
words-BABEL-BP-101-58137-20111121-193353-O3-scripted,-25.64653488372093
words-BABEL-BP-101-49541-20111104-190723-O4-scripted,-37.85379069767442
words-BABEL-BP-101-85617-20111126-193548-S3-scripted,-43.87359504132231
words-BABEL-BP-101-74884-20111030-140713-O2-scripted,-25.936804878048783
words-BABEL-BP-101-86227-20111020-204516-C5-scripted,-51.56883333333334
words-BABEL-BP-101-40046-20111018-184017-S4-scripted,-49.68220731707317
words-BABEL-BP-101-84540-20111102-201740-O3-scripted,-29.784531914893616
words-BABEL-BP-101-16669-20111019-135539-O1-scripted,-42.832677419354845
words-BABEL-BP-101-41661-20111102-125415-A1-scripted,-24.33453846153846
words-BABEL-BP-101-14666-20111122-123014-S0-scripted,-41.48724175824176
words-BABEL-BP-101-84543-20111124-194736-T2-scripted,-34.59690666666667
words-BABEL-BP-101-14891-20111018-123713-S5-scripted,-54.70425842696629
words-BABEL-BP-101-72879-20111018-220320-C3-scripted,-42.58695049504951
words-BABEL-BP-101-93192-20111020-123829-L2-scripted,-40.28520754716981
words-BABEL-BP-101-91401-20111027-205542-SA-scripted,-38.028298850574714
words-BABEL-BP-101-95533-20111129-181624-A1-scripted,-29.449140845070424
words-BABEL-BP-101-63339-20111019-191425-T2-scripted,-43.86642
words-BABEL-BP-101-77238-20111020-214407-D2-scripted,-61.07604918032787
words-BABEL-BP-101-47661-20111028-180635-T3-scripted,-28.476584615384617
words-BABEL-BP-101-80786-20111030-202140-T2-scripted,-41.87170666666667
words-BABEL-BP-101-29097-20111018-132656-N1-scripted,-39.28162
words-BABEL-BP-101-95542-20111026-183523-S6-scripted,-52.976190476190474
words-BABEL-BP-101-55369-20111022-144646-I1-scripted,-23.781565217391304
words-BABEL-BP-101-13229-20111127-134548-S5-scripted,-41.63106796116505
words-BABEL-BP-101-44836-20111119-152606-A1-scripted,-26.01736842105263
words-BABEL-BP-101-66964-20111117-171328-O3-scripted,-22.512492307692305
words-BABEL-BP-101-13781-20111125-142739-O5-scripted,-32.285529411764706
words-BABEL-BP-101-90313-20111019-153500-S3-scripted,-43.56440697674419
words-BABEL-BP-101-72879-20111018-220048-O6-scripted,-32.176875
words-BABEL-BP-101-83791-20111017-203024-C4-scripted,-39.283381818181816
words-BABEL-BP-101-34194-20111024-170952-D1-scripted,-30.047688524590164
words-BABEL-BP-101-16406-20111102-234546-S4-scripted,-48.790222222222226
words-BABEL-BP-101-10900-20111029-153644-S0-scripted,-40.77640789473684
words-BABEL-BP-101-49452-20111027-165234-O7-scripted,-25.543479166666668
words-BABEL-BP-101-16617-20111030-141409-T2-scripted,-39.50629761904762
words-BABEL-BP-101-49773-20111020-214343-S8-scripted,-43.71418253968254
words-BABEL-BP-101-45472-20111020-165054-O4-scripted,-30.83132352941177
words-BABEL-BP-101-39246-20111119-183735-S0-scripted,-33.795328125
words-BABEL-BP-101-47794-20111204-014929-S2-scripted,-47.531808
words-BABEL-BP-101-90819-20111126-172025-S3-scripted,-38.69548412698413
words-BABEL-BP-101-80817-20111125-180141-SB-scripted,-37.44831683168317
words-BABEL-BP-101-34961-20111027-173330-S3-scripted,-40.94901219512195
words-BABEL-BP-101-67555-20111023-133234-L1-scripted,-46.17324285714286
words-BABEL-BP-101-63339-20111019-191136-C1-scripted,-34.76597727272727
words-BABEL-BP-101-11422-20111019-143334-SC-scripted,-51.46614084507042
words-BABEL-BP-101-48410-20111021-220513-L2-scripted,-33.35151485148515
words-BABEL-BP-101-29444-20111024-200621-O7-scripted,-30.029526315789475
words-BABEL-BP-101-58536-20111103-194255-S7-scripted,-42.853016260162605
words-BABEL-BP-101-61408-20111204-191433-C3-scripted,-42.95138709677419
words-BABEL-BP-101-33671-20111019-123809-O1-scripted,-43.870869047619045
words-BABEL-BP-101-82484-20111103-151826-L2-scripted,-39.82011688311688
words-BABEL-BP-101-49689-20111125-172903-I1-scripted,-35.156620253164554
words-BABEL-BP-101-24420-20111122-213816-N1-scripted,-33.9163880597015
words-BABEL-BP-101-64889-20111124-215153-S8-scripted,-37.096513513513514
words-BABEL-BP-101-40123-20111129-180626-T3-scripted,-89.44425925925925
words-BABEL-BP-101-41513-20111121-135856-SC-scripted,-39.75047572815534
words-BABEL-BP-101-11036-20111019-190650-D1-scripted,-36.56721951219512
words-BABEL-BP-101-65606-20111116-134039-O2-scripted,-26.322479166666668
words-BABEL-BP-101-37203-20111103-174519-C1-scripted,-38.332766666666664
words-BABEL-BP-101-80156-20111023-200306-D3-scripted,-25.82701666666667
words-BABEL-BP-101-90819-20111126-171847-D2-scripted,-38.213011904761906
words-BABEL-BP-101-32890-20111130-214807-D3-scripted,-22.75674
words-BABEL-BP-101-67555-20111023-133245-C2-scripted,-50.17162637362638
words-BABEL-BP-101-59028-20111130-194341-S5-scripted,-33.29556976744186
words-BABEL-BP-101-51569-20111019-194510-O4-scripted,-28.271960784313723
words-BABEL-BP-101-94514-20111127-124351-L1-scripted,-34.151929577464784
words-BABEL-BP-101-20590-20111017-165401-L3-scripted,-44.915
words-BABEL-BP-101-33023-20111024-130341-SA-scripted,-44.78736904761905
words-BABEL-BP-101-86029-20111027-182407-D1-scripted,-31.4344696969697
words-BABEL-BP-101-86029-20111027-183011-N1-scripted,-35.58433333333333
words-BABEL-BP-101-98099-20111120-124156-L3-scripted,-37.10938636363637
words-BABEL-BP-101-82217-20111115-190231-D2-scripted,-38.537142857142854
words-BABEL-BP-101-53544-20111205-184425-S7-scripted,-34.76746315789474
words-BABEL-BP-101-40123-20111129-175430-O2-scripted,-32.89325
words-BABEL-BP-101-95589-20111118-210002-O1-scripted,-26.712677966101694
words-BABEL-BP-101-90819-20111126-171600-M1-scripted,-41.56965060240964
words-BABEL-BP-101-23719-20111103-140957-A1-scripted,-25.522408163265304
words-BABEL-BP-101-94226-20111125-134447-S1-scripted,-51.70317777777778
words-BABEL-BP-101-50842-20111030-164230-L2-scripted,-31.09807594936709
words-BABEL-BP-101-39287-20111119-190645-D2-scripted,-41.539976190476196
words-BABEL-BP-101-74234-20111102-155053-C4-scripted,-28.819216666666666
words-BABEL-BP-101-28107-20111019-133214-C5-scripted,-42.52290196078432
words-BABEL-BP-101-14915-20111119-163211-M1-scripted,-45.809746987951804
words-BABEL-BP-101-48733-20111117-134618-O3-scripted,-27.667862745098038
words-BABEL-BP-101-81308-20111021-141556-S7-scripted,-41.8210202020202
words-BABEL-BP-101-41170-20111018-175246-T1-scripted,-37.32504109589041
words-BABEL-BP-101-34930-20111023-235802-SB-scripted,-45.028733333333335
words-BABEL-BP-101-15142-20111029-161540-O1-scripted,-27.91827272727273
words-BABEL-BP-101-45511-20111025-195505-O1-scripted,-29.567
words-BABEL-BP-101-61073-20111102-183335-L3-scripted,-42.666547169811324
words-BABEL-BP-101-28740-20111028-212739-O7-scripted,-36.99507142857143
words-BABEL-BP-101-39915-20111101-160857-I1-scripted,-23.139302857142855
words-BABEL-BP-101-27619-20111102-195540-O7-scripted,-38.82458333333333
words-BABEL-BP-101-48511-20111024-003415-C3-scripted,-50.03029365079365
words-BABEL-BP-101-61449-20111117-145455-L2-scripted,-41.82317346938776
words-BABEL-BP-101-87564-20111130-173820-N1-scripted,-39.29290476190476
words-BABEL-BP-101-40510-20111126-145110-M1-scripted,-33.53594285714286
words-BABEL-BP-101-76919-20111120-200138-SC-scripted,-38.21435616438357
words-BABEL-BP-101-82484-20111103-151742-C2-scripted,-50.22623015873016
words-BABEL-BP-101-24420-20111122-213028-C6-scripted,-35.18565573770491
words-BABEL-BP-101-82484-20111103-152011-T2-scripted,-37.16195833333333
words-BABEL-BP-101-31441-20111026-001152-C3-scripted,-43.50969696969697
words-BABEL-BP-101-61762-20111028-175000-D2-scripted,-36.251493975903614
words-BABEL-BP-101-60605-20111124-125444-I1-scripted,-24.65670833333333
words-BABEL-BP-101-95815-20111024-141522-C6-scripted,-34.315802325581394
words-BABEL-BP-101-73761-20111115-124030-S3-scripted,-43.456155172413794
words-BABEL-BP-101-11371-20111018-180244-C4-scripted,-35.13457142857143
words-BABEL-BP-101-14666-20111122-123030-A1-scripted,-30.55076470588235
words-BABEL-BP-101-48511-20111024-003015-O3-scripted,-34.68409333333333
words-BABEL-BP-101-20685-20111019-122445-T3-scripted,-39.253058823529415
words-BABEL-BP-101-83791-20111017-203007-O3-scripted,-38.11222222222222
words-BABEL-BP-101-58715-20111025-170052-SB-scripted,-36.27035443037975
words-BABEL-BP-101-90313-20111019-153010-C1-scripted,-34.20076
words-BABEL-BP-101-13781-20111125-142548-C4-scripted,-33.22248611111111
words-BABEL-BP-101-10945-20111030-170557-O1-scripted,-45.859630952380954
words-BABEL-BP-101-59032-20111130-123629-S6-scripted,-35.40243209876544
words-BABEL-BP-101-30168-20111118-130003-S2-scripted,-41.23356034482759
words-BABEL-BP-101-64205-20111203-124423-S3-scripted,-37.37619047619047
words-BABEL-BP-101-36424-20111119-142632-M1-scripted,-36.7345119047619
words-BABEL-BP-101-48733-20111117-134816-S4-scripted,-34.75245454545454
words-BABEL-BP-101-17018-20111020-155506-C1-scripted,-31.09581818181818
words-BABEL-BP-101-36502-20111025-143349-I1-scripted,-22.133755263157894
words-BABEL-BP-101-68295-20111124-173721-O3-scripted,-27.939903846153847
words-BABEL-BP-101-29097-20111018-132618-S0-scripted,-39.87246153846154
words-BABEL-BP-101-56070-20111030-183606-O3-scripted,-34.96596551724138
words-BABEL-BP-101-38912-20111120-211713-I1-scripted,-35.39953571428572
words-BABEL-BP-101-20518-20111119-172654-S1-scripted,-38.373506666666664
words-BABEL-BP-101-55944-20111124-174246-D3-scripted,-22.50312093023256
words-BABEL-BP-101-20740-20111125-193533-O3-scripted,-26.861660714285712
words-BABEL-BP-101-17606-20111127-140101-S2-scripted,-35.84282291666667
words-BABEL-BP-101-67555-20111023-133539-O4-scripted,-39.11078846153846
words-BABEL-BP-101-74317-20111115-152702-I1-scripted,-22.464019607843138
words-BABEL-BP-101-91873-20111129-210113-T3-scripted,-34.09244594594595
words-BABEL-BP-101-15881-20111024-135746-O4-scripted,-31.216365384615383
words-BABEL-BP-101-37461-20111022-202359-S8-scripted,-43.18195918367347
words-BABEL-BP-101-89573-20111025-194443-M1-scripted,-39.26136144578314
